Tn,ID,SVL,Mass,Reference,Type,Frame,Wrap,Axial,Linear GS,Linear CE,PredPitch,PredBuck
9,2018DP01,113.9,185.1,1498,NC,1401,No,No,54.7715469,40.35633912,65.30389738,0.115559423
10,2018DP01,113.9,185.1,1,NC,865,Simple,No,49.37870829,45.73205154,65.30389738,0.115559423
11,2018DP01,113.9,185.1,1,NC,365,No,No,51.76964066,41.4073941,65.30389738,0.115559423
12,2018DP01,113.9,185.1,1120,Success,1120,No,No,50.54431092,52.82725328,65.30389738,0.115559423
14,2018DP01,113.9,185.1,847,NC,1494,No,No,54.74774819,43.08601443,65.30389738,0.115559423
25,2018DP02,127.4433333,267.2,5,Success,5,Simple,No,46.6293223,48.15405123,73.06888815,0.115795649
26,2018DP02,127.4433333,267.2,5,Success,5,Simple,No,48.10928231,49.94365925,73.06888815,0.115795649
34,2018DP02,127.4433333,267.2,5545,Success,5565,No,No,43.56066168,46.07070646,73.06888815,0.115795649
35,2018DP02,127.4433333,267.2,36002,PB,36002,No,No,47.5577789,47.1128259,73.06888815,0.115795649
41,2018DP02,127.4433333,267.2,7368,Success,7390,Not visibly,No,46.06395026,47.67756655,73.06888815,0.115795649
42,2018DP02,127.4433333,267.2,4468,Drop,4468,No,No,54.575863,53.49666794,73.06888815,0.115795649
42,2018DP02,127.4433333,267.2,4468,NC,8712,Not visibly,No,54.575863,42.51355174,73.06888815,0.115795649
43,2018DP02,127.4433333,267.2,2768,NC,4477,No,No,54.43970098,39.34770879,73.06888815,0.115795649
44,2018DP02,127.4433333,267.2,3401,NC,3398,Not visibly,No,52.42217162,49.02580541,73.06888815,0.115795649
45,2018DP02,127.4433333,267.2,14328,NC,17110,Not visibly,No,54.77917015,40.65584722,73.06888815,0.115795649
51,2018DP03,88.97333333,84.8,3348,Success,4079,No,No,39.28840821,41.22701128,51.01233915,0.111413376
52,2018DP03,88.97333333,84.8,1900,NC,3772,No,No,42.47607259,37.27168344,51.01233915,0.111413376
56,2018DP03,88.97333333,84.8,6566,Drop,6566,No,No,46.30463064,33.89332322,51.01233915,0.111413376
56,2018DP03,88.97333333,84.8,6566,Drop,7092,No,No,46.30463064,35.35512311,51.01233915,0.111413376
56,2018DP03,88.97333333,84.8,4500,NC,,,,,,51.01233915,0.111413376
57,2018DP03,88.97333333,84.8,10980,NC,11565,Partial,No,44.39302918,33.76266389,51.01233915,0.111413376
58,2018DP03,88.97333333,84.8,6529,NC,6461,No,No,40.08631003,29.61617612,51.01233915,0.111413376
59,2018DP03,88.97333333,84.8,2500,NC,2926,No,No,40.41410337,33.75356967,51.01233915,0.111413376
60,2018DP03,88.97333333,84.8,2500,NC,3560,No,No,41.78127649,23.28014109,51.01233915,0.111413376
61,2018DP03,88.97333333,84.8,11466,Drop,11259,No,No,55.14428087,25.52906634,51.01233915,0.111413376
61,2018DP03,88.97333333,84.8,11466,Drop,11466,No,No,55.14428087,32.59174249,51.01233915,0.111413376
61,2018DP03,88.97333333,84.8,6500,NC,11495,No,No,55.14428087,32.65501949,51.01233915,0.111413376
62,2018DP03,88.97333333,84.8,5400,NC,7634,No,No,54.64501817,26.68811414,51.01233915,0.111413376
63,2018DP03,88.97333333,84.8,9608,NC,9272,No,No,58.9494094,22.4277657,51.01233915,0.111413376
66,2018DP03,88.97333333,84.8,6638,NC,7173,No,No,36.89961611,30.15235517,51.01233915,0.111413376
67,2018DP03,88.97333333,84.8,17258,NC,17159,No,Yes,40.55309167,15.69587045,51.01233915,0.111413376
69,2018DP03,88.97333333,84.8,8800,NC,,,,,,51.01233915,0.111413376
70,2018DP03,88.97333333,84.8,9000,NC,10047,No,No,61.74492266,25.34828684,51.01233915,0.111413376
71,2018DP03,88.97333333,84.8,5000,NC,14759,Simple,No,63.10882829,30.03450753,51.01233915,0.111413376
72,2018DP03,88.97333333,84.8,31650,NC,,,,,,51.01233915,0.111413376
80,2018DC04,77.373,47.7,1900,NC,1927,No,No,26.11659135,6.404941353,44.36135603,0.118855748
81,2018DC04,77.373,47.7,2500,NC,2714,Simple,No,27.80031961,5.73298417,44.36135603,0.118855748
84,2018DC04,77.373,47.7,3672,PB,3672,No,Yes,32.07722884,29.71771144,44.36135603,0.118855748
84,2018DC04,77.373,47.7,3672,PB,7263,No,No,32.07722884,25.53044176,44.36135603,0.118855748
84,2018DC04,77.373,47.7,3672,PB,12843,No,No,32.07722884,28.19387087,44.36135603,0.118855748
84,2018DC04,77.373,47.7,3672,PB,14539,No,No,32.07722884,24.05040509,44.36135603,0.118855748
86,2018DC04,77.373,47.7,4900,NC,5061,No,No,32.10935579,14.24324132,44.36135603,0.118855748
89,2018DC04,77.373,47.7,4700,NC,4923,No,No,31.51143617,30.54149893,44.36135603,0.118855748
90,2018DC04,77.373,47.7,5495,Success,5815,No,No,33.74284639,34.32636925,44.36135603,0.118855748
91,2018DC04,77.373,47.7,4250,NC,4559,No,No,35.80722411,11.61292075,44.36135603,0.118855748
92,2018DC04,77.373,47.7,4016,NC,4358,No,No,35.007755,32.88643696,44.36135603,0.118855748
93,2018DC04,77.373,47.7,1000,NC,18827,No,Yes,35.53833571,29.83261833,44.36135603,0.118855748
94,2018DC04,77.373,47.7,7830,NC,10472,No,No,35.79310694,34.41707163,44.36135603,0.118855748
95,2018DC04,77.373,47.7,19400,NC,19840,Peg,No,37.63691356,35.69928362,44.36135603,0.118855748
96,2018DC04,77.373,47.7,16200,NC,17553,No,Yes,39.64354584,22.53446449,44.36135603,0.118855748
97,2018DC04,77.373,47.7,3199,NC,5041,No,Yes,39.50576243,34.57613282,44.36135603,0.118855748
98,2018DC04,77.373,47.7,14284,PB,9516,Peg,Yes,44.42186309,34.45880884,44.36135603,0.118855748
98,2018DC04,77.373,47.7,14284,PB,13723,No,No,44.42186309,29.9951592,44.36135603,0.118855748
99,2018DC04,77.373,47.7,9146,PB,9146,No,Yes,44.45649538,31.94611055,44.36135603,0.118855748
99,2018DC04,77.373,47.7,9146,PB,12997,No,No,44.45649538,30.82633688,44.36135603,0.118855748
101,2018DC04,77.373,47.7,36563,NC,37098,No,Yes,37.84436658,14.3216325,44.36135603,0.118855748
102,2018DC04,77.373,47.7,25000,NC,,,,,,44.36135603,0.118855748
102,2018DC04,77.373,47.7,19194,PB/Drop,19194,No,Yes,38.2397463,28.44770154,44.36135603,0.118855748
103,2018DC04,77.373,47.7,8000,NC,9308,No,No,41.46145106,16.58119777,44.36135603,0.118855748
115,2018DC04,77.373,47.7,4403,Success,5389,No,Yes,34.2566065,34.76809133,44.36135603,0.118855748
116,2018DC04,77.373,47.7,2728,NC,3087,No,No,35.15089853,19.75319684,44.36135603,0.118855748
117,2018DC04,77.373,47.7,3793,PB,6330,No,No,36.00851286,28.75768903,44.36135603,0.118855748
117,2018DC04,77.373,47.7,3793,PB/Drop,3793,No,Yes,36.00851286,33.88712177,44.36135603,0.118855748
118,2018DC05,84.25833333,85.5,2050,NC,2074,Simple,No,22.23575715,8.103419545,48.30902154,0.09697893
125,2018DC05,84.25833333,85.5,3479,Success,3159,No,No,39.44935214,41.40723333,48.30902154,0.09697893
126,2018DC05,84.25833333,85.5,3008,Success,3477,No,No,41.30661722,42.36070658,48.30902154,0.09697893
127,2018DC05,84.25833333,85.5,2649,NC,3015,No,No,43.28693469,34.27240973,48.30902154,0.09697893
128,2018DC05,84.25833333,85.5,3549,NC,3498,No,No,45.49485907,33.61240717,48.30902154,0.09697893
129,2018DC05,84.25833333,85.5,2000,NC,2775,No,No,48.49233772,33.4802626,48.30902154,0.09697893
130,2018DC05,84.25833333,85.5,2800,NC,6610,No,No,50.28828432,37.36120445,48.30902154,0.09697893
131,2018DC05,84.25833333,85.5,3000,NC,6221,No,No,52.36998902,31.3221599,48.30902154,0.09697893
132,2018DC05,84.25833333,85.5,4000,NC,12911,No,No,54.3721786,32.33214058,48.30902154,0.09697893
133,2018DC05,84.25833333,85.5,13660,NC,14813,No,Yes,56.21334747,24.06789551,48.30902154,0.09697893
134,2018DC05,84.25833333,85.5,2680,NC,6522,No,Yes,58.22641428,18.87240614,48.30902154,0.09697893
139,2018DC05,84.25833333,85.5,12278,PB,8571,No,No,68.092352,43.38214754,48.30902154,0.09697893
139,2018DC05,84.25833333,85.5,12278,Pitch,12278,No,No,68.092352,48.47756071,48.30902154,0.09697893
140,2018DC05,84.25833333,85.5,1200,NC,5576,No,Yes,41.26375775,35.64819414,48.30902154,0.09697893
141,2018DC05,84.25833333,85.5,2400,NC,3807,No,No,42.23596831,35.71405365,48.30902154,0.09697893
142,2018DC05,84.25833333,85.5,3800,NC,5369,No,No,43.07487011,33.21972123,48.30902154,0.09697893
160,2018DP06,124.3746667,261.3,19130,NC,19239,No,No,44.04293675,33.87288962,71.30948614,0.110664122
161,2018DP06,124.3746667,261.3,7148,Success,7001,No,No,43.84927502,45.1062805,71.30948614,0.110664122
162,2018DP06,124.3746667,261.3,1102,Success,4644,No,No,45.62640378,46.4721336,71.30948614,0.110664122
163,2018DP06,124.3746667,261.3,180,NC,918,Not visibly,No,47.98043983,26.16902898,71.30948614,0.110664122
164,2018DP06,124.3746667,261.3,3560,NC,6083,Not visibly,No,50.01632109,31.43653778,71.30948614,0.110664122
166,2018DP06,124.3746667,261.3,4859,NC,5664,Not visibly,No,51.40618553,37.39997129,71.30948614,0.110664122
167,2018DP06,124.3746667,261.3,600,NC,976,No,No,54.42360758,39.39664291,71.30948614,0.110664122
168,2018DP06,124.3746667,261.3,3700,NC,3943,No,No,55.5525021,33.76450106,71.30948614,0.110664122
169,2018DP06,124.3746667,261.3,500,NC,3407,Not visibly,No,58.3287646,29.1155647,71.30948614,0.110664122
170,2018DP06,124.3746667,261.3,5200,NC,6255,No,No,59.14015819,37.60007581,71.30948614,0.110664122
171,2018DP06,124.3746667,261.3,200,NC,1402,Simple,No,60.18754489,42.2427012,71.30948614,0.110664122
172,2018DP06,124.3746667,261.3,12000,NC,12514,Partial,Yes,62.00931551,36.54804289,71.30948614,0.110664122
173,2018DP06,124.3746667,261.3,9236,NC,9846,No,No,64.59422755,39.75941482,71.30948614,0.110664122
187,2019DC07,46.19933333,14.5,2677,Success,2677,No,Yes,21.53651316,23.78664349,26.48811697,0.078882925
188,2019DC07,46.19933333,14.5,2147,Success,3745,No,No,23.4876887,24.19521871,26.48811697,0.078882925
189,2019DC07,46.19933333,14.5,1600,NC,5207,No,Yes,25.91137584,23.30978445,26.48811697,0.078882925
190,2019DC07,46.19933333,14.5,2000,NC,2760,No,No,27.56938516,25.05464819,26.48811697,0.078882925
191,2019DC07,46.19933333,14.5,1700,NC,1733,No,No,28.7970351,18.07079503,26.48811697,0.078882925
192,2019DC07,46.19933333,14.5,5150,NC,5849,No,No,28.94343551,23.56444921,26.48811697,0.078882925
193,2019DC07,46.19933333,14.5,20000,NC,22535,No,Yes,31.06343009,19.42672371,26.48811697,0.078882925
193,2019DC07,46.19933333,14.5,17763,PB,17826,Peg,No,31.06343009,24.83732686,26.48811697,0.078882925
193,2019DC07,46.19933333,14.5,17763,PB,17763,No,No,31.06343009,23.30175405,26.48811697,0.078882925
195,2019DC07,46.19933333,14.5,9319,PB,5670,No,No,33.86685293,20.61012268,26.48811697,0.078882925
195,2019DC07,46.19933333,14.5,9319,PB,7298,No,No,33.86685293,21.23673615,26.48811697,0.078882925
195,2019DC07,46.19933333,14.5,9319,PB,8120,No,No,33.86685293,22.55188435,26.48811697,0.078882925
195,2019DC07,46.19933333,14.5,9319,PB/Drop,9319,No,No,33.86685293,22.51361777,26.48811697,0.078882925
196,2019DC07,46.19933333,14.5,5832,PB,4975,No,No,33.83065609,18.60658124,26.48811697,0.078882925
196,2019DC07,46.19933333,14.5,5832,PB,5500,No,No,33.83065609,18.86178839,26.48811697,0.078882925
196,2019DC07,46.19933333,14.5,5832,PB,5859,No,No,33.83065609,22.88437471,26.48811697,0.078882925
196,2019DC07,46.19933333,14.5,5832,PB,6667,No,No,33.83065609,22.281019,26.48811697,0.078882925
196,2019DC07,46.19933333,14.5,5832,Pitch,5832,No,No,33.83065609,23.11354748,26.48811697,0.078882925
203,2019DC07,46.19933333,14.5,1575,Success,1834,Not visibly,No,22.69460209,23.58157479,26.48811697,0.078882925
204,2019DC07,46.19933333,14.5,9000,NC,9870,Not visibly,Yes,25.30221985,23.26834321,26.48811697,0.078882925
205,2019DC07,46.19933333,14.5,1513,NC,3349,Partial,No,25.94239419,24.11220605,26.48811697,0.078882925
206,2019DC07,46.19933333,14.5,17531,NC,17879,No,No,26.92926605,23.2670817,26.48811697,0.078882925
206,2019DC07,46.19933333,14.5,17865,PB,11477,Simple,Yes,26.88806233,21.23614702,26.48811697,0.078882925
206,2019DC07,46.19933333,14.5,17865,PB,16182,No,No,26.88806233,20.5516796,26.48811697,0.078882925
206,2019DC07,46.19933333,14.5,17865,PB/Drop?,12145,No,Yes,26.88806233,17.29621551,26.48811697,0.078882925
206,2019DC07,46.19933333,14.5,17865,PB/Pitch?,11872,No,Yes,26.88806233,19.13862731,26.48811697,0.078882925
207,2019DC07,46.19933333,14.5,1250,NC,5535,Partial + Peg,Yes,27.96347663,22.58021436,26.48811697,0.078882925
211,2019DP08,119.094,301.1,1000,NC,8927,No,No,39.69271418,24.79328688,68.28184684,0.087745932
215,2019DP08,119.094,301.1,1672,Success,2125,Not visibly,Yes,48.49585801,50.03813203,68.28184684,0.087745932
216,2019DP08,119.094,301.1,4400,NC,5926,No,No,51.9631955,43.62431154,68.28184684,0.087745932
217,2019DP08,119.094,301.1,3686,NC,12023,Simple,No,55.16973957,42.70958446,68.28184684,0.087745932
218,2019DP08,119.094,301.1,3363,NC,13179,No,No,58.11429273,44.58916538,68.28184684,0.087745932
219,2019DP08,119.094,301.1,24940,NC,25361,No,No,62.00934954,42.34646268,68.28184684,0.087745932
221,2019DP08,119.094,301.1,3000,NC,6989,No,No,51.73776929,38.0968041,68.28184684,0.087745932
222,2019DP08,119.094,301.1,3089,NC,11194,No,No,50.9360412,41.62054063,68.28184684,0.087745932
223,2019DP08,119.094,301.1,4348,NC,5652,No,No,48.72452299,39.37557481,68.28184684,0.087745932
224,2019DP08,119.094,301.1,8687,NC,8843,No,No,48.85826139,41.08682915,68.28184684,0.087745932
235,2019DP09,109,161.7,3722,Success,3719,No,No,42.81878174,43.53017512,62.4945111,0.114602546
236,2019DP09,109,161.7,3200,NC,4803,No,No,45.93962045,35.80521807,62.4945111,0.114602546
237,2019DP09,109,161.7,12000,NC,13863,No,No,48.53073411,30.13597956,62.4945111,0.114602546
240,2019DP09,109,161.7,9000,NC,,,,,,62.4945111,0.114602546
241,2019DP09,109,161.7,4573,Success,4571,Peg,No,43.90167832,45.2973303,62.4945111,0.114602546
242,2019DP09,109,161.7,10180,Success,10753,Not visibly,No,42.83736766,43.88073343,62.4945111,0.114602546
247,2019DP10,65,37.1,4348,Success,5569,No,No,28.90867947,28.90303872,37.26736901,0.093484921
248,2019DP10,65,37.1,3000,Success,3632,No,No,31.0240743,31.85381118,37.26736901,0.093484921
249,2019DP10,65,37.1,2296,NC,2607,No,No,33.95187414,29.11791224,37.26736901,0.093484921
250,2019DP10,65,37.1,7050,NC,7211,No,No,36.59125934,24.95437501,37.26736901,0.093484921
252,2019DP10,65,37.1,10220,NC,,,,,,37.26736901,0.093484921
252,2019DP10,65,37.1,10220,PB,8808,Peg,No,35.32035972,24.34619741,37.26736901,0.093484921
261,2019DP11,59,27.8,5228,Success,5220,No,No,30.58557766,30.93387992,33.82730418,0.090491935
262,2019DP11,59,27.8,4768,PB,4768,No,No,33.10007339,29.11529895,33.82730418,0.090491935
262,2019DP11,59,27.8,4768,PB,4849,No,No,33.10007339,29.02899835,33.82730418,0.090491935
263,2019DP11,59,27.8,4160,Success,4156,Not visibly,No,31.72726172,32.41372258,33.82730418,0.090491935
265,2019DP12,43,12.5,432,Success,535,No,No,16.52506448,16.8914417,24.65379796,0.073655553
266,2019DP12,43,12.5,1000,NC,1319,Not visibly,No,19.06389278,18.44101251,24.65379796,0.073655553
267,2019DP12,43,12.5,1000,NC,2457,Partial,No,22.52705931,18.01990767,24.65379796,0.073655553
268,2019DP12,43,12.5,1000,NC,1566,No,No,25.2157889,19.4727118,24.65379796,0.073655553
269,2019DP12,43,12.5,1000,NC,2206,No,No,23.45774685,23.26313815,24.65379796,0.073655553
270,2019DP12,43,12.5,1000,NC,2258,No,No,24.39305797,21.44779606,24.65379796,0.073655553
271,2019DP13,55,23.9,4314,Success,4732,No,No,22.08362918,22.83533884,31.53392762,0.08496803
272,2019DP13,55,23.9,7788,NC,,,,,,31.53392762,0.08496803
273,2019DP13,55,23.9,14492,NC,15868,No,No,27.39528305,27.90002606,31.53392762,0.08496803
277,2019DP14,102,,5444,Success,5713,Not visibly,No,31.81285971,33.12217575,58.48110213,0.338314268
280,2019DP15,86.992,72.3,3118,Success,3118,No,No,29.66500457,30.57490455,49.8763533,0.118050659
281,2019DP15,86.992,72.3,2394,Success,2394,No,No,29.6239441,30.63889452,49.8763533,0.118050659
283,2019DP15,86.992,72.3,22800,NC,,,,,,49.8763533,0.118050659
286,2019DP15,86.992,72.3,3231,Drop,3231,Not visibly,No,35.58479007,31.6362116,49.8763533,0.118050659
298,2019DP16,76.98133333,83.4,6351,NC,6370,Not visibly,No,29.18823139,3.631560006,44.13679624,0.078920722
301,2019DP16,76.98133333,83.4,2024,NC,2006,Not visibly,Yes,34.73319814,34.12149924,44.13679624,0.078920722
302,2019DP16,76.98133333,83.4,1800,Success,1756,Not visibly,No,38.65798105,39.9537659,44.13679624,0.078920722
303,2019DP16,76.98133333,83.4,1398,NC,2721,Not visibly,Yes,41.02455537,32.05736157,44.13679624,0.078920722
308,2019DP16,76.98133333,83.4,1500,NC,1988,No,No,43.1530916,34.93516004,44.13679624,0.078920722
309,2019DP16,76.98133333,83.4,1570,NC,2184,No,Yes,46.32402615,33.62995486,44.13679624,0.078920722
310,2019DP16,76.98133333,83.4,2070,NC,3635,No,No,45.25001816,33.46797057,44.13679624,0.078920722
315,2019DP17,81.23117629,76.5,1882,Success,1879,No,No,37.37299818,38.47490223,46.57341879,0.096113744
316,2019DP17,81.23117629,76.5,2050,NC,2859,Partial,Yes,39.00692617,31.49014455,46.57341879,0.096113744
317,2019DP17,81.23117629,76.5,3000,NC,7489,No,No,44.98654752,35.96200895,46.57341879,0.096113744
319,2019DP17,81.23117629,76.5,4857,NC,4999,Not visibly,No,47.52934958,35.53757057,46.57341879,0.096113744
320,2019DP17,81.23117629,76.5,6000,NC,8992,Partial,Yes,48.48804744,40.65081986,46.57341879,0.096113744
321,2019DP17,81.23117629,76.5,990,NC,1473,Simple,No,47.19350752,41.22726964,46.57341879,0.096113744
322,2019DP17,81.23117629,76.5,5900,NC,5356,No,No,49.76375596,40.0920957,46.57341879,0.096113744
323,2019DP17,81.23117629,76.5,17056,NC,19059,Not visibly,Yes,53.24421049,35.76281496,46.57341879,0.096113744
335,2019DP18,29.534,5.1,5000,Success,5852,No,No,14.75477529,14.85818667,16.93314579,0.055572895
336,2019DP18,29.534,5.1,4065,Pitch,3744,No,No,16.06140775,14.22795799,16.93314579,0.055572895
336,2019DP18,29.534,5.1,4065,Success,4079,Peg,No,16.06140775,16.59304543,16.93314579,0.055572895
337,2019DP18,29.534,5.1,2739,Drop,3211,Peg,Yes,17.89063828,15.86068915,16.93314579,0.055572895
337,2019DP18,29.534,5.1,3212,NC,3354,Peg,Yes,17.89063828,17.22984914,16.93314579,0.055572895
337,2019DP18,29.534,5.1,2739,Pitch,3078,No,Yes,17.89063828,16.90926779,16.93314579,0.055572895
338,2019DP18,29.534,5.1,6163,Drop,10165,Simple,Yes,19.3164789,16.47515231,16.93314579,0.055572895
338,2019DP18,29.534,5.1,6163,Drop,10355,Simple,Yes,19.3164789,16.48149015,16.93314579,0.055572895
338,2019DP18,29.534,5.1,6163,Drop,6163,Partial + Peg,No,19.3164789,17.93802701,16.93314579,0.055572895
338,2019DP18,29.534,5.1,6163,Drop,6329,Partial,No,19.3164789,17.51920025,16.93314579,0.055572895
338,2019DP18,29.534,5.1,6163,Drop,6448,Partial,Yes,19.3164789,16.94387855,16.93314579,0.055572895
338,2019DP18,29.534,5.1,6163,Drop,6131,Partial + Peg,No,19.3164789,17.44858818,16.93314579,0.055572895
338,2019DP18,29.534,5.1,6163,PB,14108,Simple,Yes,19.3164789,15.5838368,16.93314579,0.055572895
339,2019DP18,29.534,5.1,2740,Drop,2486,No,Yes,18.68315316,16.22511856,16.93314579,0.055572895
339,2019DP18,29.534,5.1,800,NC,4859,Peg,No,18.68315316,15.3132234,16.93314579,0.055572895
339,2019DP18,29.534,5.1,2740,Pitch,1936,No,No,18.68315316,16.8893902,16.93314579,0.055572895
340,2019DP18,29.534,5.1,14800,Drop,15300,Partial + Peg,No,19.18801361,18.40637685,16.93314579,0.055572895
340,2019DP18,29.534,5.1,14800,Drop,11257,No,Yes,19.18801361,17.01520711,16.93314579,0.055572895
340,2019DP18,29.534,5.1,14800,NC,15396,Peg,No,19.18801361,17.95175168,16.93314579,0.055572895
341,2019DP18,29.534,5.1,18800,NC,19351,No,No,19.57502873,6.91426666,16.93314579,0.055572895
341,2019DP18,29.534,5.1,4779,PB,4779,No,Yes,19.57502873,17.70960191,16.93314579,0.055572895
345,2019DP19,30.64466667,5.3,4000,Success,5581,No,No,17.21185588,17.69270759,17.56994001,0.058980464
346,2019DP19,30.64466667,5.3,5232,NC,5901,Partial,No,19.05245857,18.06203221,17.56994001,0.058980464
347,2019DP19,30.64466667,5.3,6000,NC,5629,No,No,20.5403871,12.62225017,17.56994001,0.058980464
348,2019DP19,30.64466667,5.3,9522,NC,9494,Partial,Yes,18.00322575,15.40891157,17.56994001,0.058980464
348,2019DP19,30.64466667,5.3,8966,Pitch,8966,No,No,18.00322575,15.21566396,17.56994001,0.058980464
349,2019DP19,30.64466667,5.3,6200,NC,10262,Partial,No,21.70062066,15.38386532,17.56994001,0.058980464
350,2019DP19,30.64466667,5.3,5719,NC,5703,Simple,Yes,22.68752322,19.09271225,17.56994001,0.058980464
370,2019DP20,89.49533333,133.4,12318,NC,14281,Not visibly,No,36.17627062,27.86418459,51.31162479,0.080526455
373,2019DP20,89.49533333,133.4,356,Success,2591,Not visibly,No,38.96342947,40.90331468,51.31162479,0.080526455
374,2019DP20,89.49533333,133.4,10518,NC,13070,Not visibly,No,41.68751509,33.16360972,51.31162479,0.080526455
375,2019DP20,89.49533333,133.4,1000,NC,3274,Not visibly,No,43.77106672,25.35836528,51.31162479,0.080526455
376,2019DP20,89.49533333,133.4,32660,NC,35008,Not visibly,No,43.83503355,33.66351009,51.31162479,0.080526455
377,2019DP20,89.49533333,133.4,5789,NC,6038,Not visibly,No,45.80474364,29.59586784,51.31162479,0.080526455
378,2019DP20,89.49533333,133.4,4000,NC,6805,Not visibly,No,40.43273105,27.03170215,51.31162479,0.080526455