tn,sn,svl,mass,gapguess,start,transition,acceleration,airborne,end,behavior,bcode,loop,loop time,twist,twist time,multibout,bnotes,notes
38,94,85,108.5,35,475,,,,7001,Cantilever,0,,,,,,,no branch markers
40,94,85,108.5,35,2566,,,,2737,Cantilever,0,,,,,,,
41,94,85,108.5,40,4798,,,,7818,Cantilever,0,,,,,,,
42,94,85,108.5,40,3979,,,,9666,Cantilever,0,,,,,,,
43,94,85,108.5,40,7366,,,,9816,Cantilever,0,,,,,,,
44,94,85,108.5,45,2462,2679,2709,,2715,Arched cantilever,1,No,N/A,,,No,,
45,94,85,108.5,45,633,,,,5949,Cantilever,0,,,,,,,
46,94,85,108.5,45,968,,,,1195,Cantilever,0,,,,,,,
47,94,85,108.5,50,24765,28289,28444,,28526,Up-then-out,1,Yes,all,,,No,,
48,94,85,108.5,50,19209,21768,21957,,22056,Up-then-out,1,Yes,all,,,No,,
49,94,85,108.5,50,2502,2847,2862,,2901,Mini arch,1,No,N/A,,,No,,
53,89,73.5,65.1,35,790,,,,1042,Cantilever,0,,,,,,,
54,89,73.5,65.1,35,796,,,,1007,Cantilever,0,,,,,,,
55,89,73.5,65.1,35,500,,,,675,Cantilever,0,,,,,,,
56,89,73.5,65.1,40,716,,,,5773,Cantilever,0,,,,,,,
57,89,73.5,65.1,40,332,,,,557,Cantilever,0,,,,,,,
58,89,73.5,65.1,40,2095,,,,2600,Cantilever,0,,,,,,,
59,89,73.5,65.1,45,570,,,,834,Cantilever,0,,,,,,,
60,89,73.5,65.1,45,628,,,,889,Cantilever,0,,,,,,,
61,89,73.5,65.1,45,705,740,,,816,Arched cantilever,1,No,N/A,,,No,,
62,89,73.5,65.1,50,816,,,,979,Cantilever,0,,,,,,,
63,89,73.5,65.1,50,4692,,,,10435,Cantilever,0,,,,,,,
64,89,73.5,65.1,50,5577,,,,6274,Cantilever,0,,,,,,,
66,89,71.5,68.7,55,1784,,,,2042,Cantilever,0,,,,,,,
67,89,71.5,68.7,55,1554,1771,1870,,1936,Recovery,2,Yes,"Before, during",,,Yes,Two cantilever/semi-cantilever approaches before loop,
68,89,71.5,68.7,55,8363,10068,10401,,10468,Recovery,2,Yes,"Before, during",,,Yes,"Cantilever failure, then lunge failure, then success",
69,89,71.5,68.7,60,3813,4140,4292,,4348,Arch/loop,1,Small,"Before, during",,,No,,
70,89,71.5,68.7,60,19446,19672,20080,,20135,Recovery,1,Yes,"Before, during",,,Yes,Failed lunge then success,
71,89,71.5,68.7,60,1193,1444,1688,,1749,Recovery,1,Yes,"Before, during",,,Yes,Failed lunge then success,
72,89,71.5,68.7,65,27618,28029,28285,,28362,Recovery,1,Yes,"Before, during",,,Yes,Failed lunge then success,
73,89,71.5,68.7,65,1350,1780,2115,,2167,Recovery,1,Yes,"Before, during",,,Yes,"Lunge that lands but falls off, then bigger lunge.",
74,89,71.5,68.7,65,14893,15283,15562,,15625,Recovery,1,Yes,"Before, during",,,Yes,"Lunge that lands but falls off, then bigger lunge.",
75,89,71.5,68.7,70,4172,4487,4603,,4675,Up-then-out,1,No,N/A,,,No,,
76,89,71.5,68.7,70,396,777,993,,1064,Up-then-out,1,Yes,during,,,No,,
77,89,71.5,68.7,70,27015,27015,27251,27326,27329,U/J Loop,1,Yes,"Before, during",,,No,,
78,89,71.5,68.7,75,13719,16002,16344,16425,16429,Up-then-out,1,Yes,"before, during",,,No,,
79,89,71.5,68.7,75,19735,20171,20229,,20326,Up-then-out,1,No,N/A,,,No,,
80,89,71.5,68.7,75,16311,16767,16872,,16964,Up-then-out,1,Borderline,during,,,No,,
81,89,71.5,68.7,80,2632,3544,3777,3864,3868,Arch/U border,1,Yes,all,,,No,,
82,89,71.5,68.7,80,1435,1668,1944,2024,2028,Arch/U border,1,Yes,all,,,No,,
83,89,71.5,68.7,80,2264,2904,3171,,3244,U loop (parabolic),1,Yes,all,,,No,,
85,89,71.5,68.7,85,30233,32805,33083,33160,33176,U/J Loop,1,Yes,"before, during",,,No,,no branch markers
87,89,71.5,68.7,85,41107,41251,41565,41640,41652,U/J Loop,1,Yes,"before, during",,,No,,
88,89,71.5,68.7,90,18129,20335,20679,20759,20770,U loop (up then out),1,Yes,all,,,No,,
89,89,71.5,68.7,90,16104,21028,21518,21605,21623,U/J Loop (up then out),1,Yes,"before, during",,,No,,
90,89,71.5,68.7,90,22865,26004,26347,26419,26432,U loop,1,Yes,all,,,No,,
91,89,71.5,68.7,95,18410,19181,19333,19437,19450,U/J loop,1,Yes,all,,,No,,
92,89,71.5,68.7,95,44791,45191,45354,45427,45440,U/j loop (parabolic),1,Yes,all,,,No,,
93,89,71.5,68.7,95,52003,52305,52961,53038,53062,J loop,1,Yes,all,,,No,,
94,89,71.5,68.7,100,5828,12211,12366,12438,12461,U/J loop,1,Yes,all,,,No,,no origin marker
95,89,71.5,68.7,100,2138,5042,5747,5829,5853,J loop (parabolic?),1,Yes,"before, during",,,No,,
96,89,71.5,68.7,100,2357,2689,3218,3296,3318,J loop (parabolic?),1,Yes,"before, during",,,No,,
102,89,71.5,66.8,105,43568,44027,44295,44369,44406,J loop (up then out?),1,Yes,"before, during",,,No,,
108,89,71.5,66.8,110,16954,17168,17488,17541,17564,J loop (up then out?),1,Yes,"before, during",,,No,*showcase trial*,
112,95,66.7,33.7,35,2433,,,,3113,Cantilever,0,,,,,,,
113,95,66.7,33.7,35,1662,,,,1907,Cantilever,0,,,,,,,
114,95,66.7,33.7,35,2439,,,,2619,Cantilever,0,,,,,,,
115,95,66.7,33.7,40,9671,,,,9884,Cantilever,0,,,,,,,
116,95,66.7,33.7,40,1078,,,,8933,Cantilever,0,,,,,,,
117,95,66.7,33.7,40,1160,,,,6176,Cantilever,0,,,,,,,
118,95,66.7,33.7,45,4572,,,,4875,Cantilever,0,,,,,,,
119,95,66.7,33.7,45,5687,,,,8915,Cantilever,0,,,,,,,
120,95,66.7,33.3,45,604,,,,3266,Cantilever,0,,,,,,,
122,95,66.7,33.3,50,4498,4545,4652,,4731,sliding U? (up then out?),1,Yes,all,,,No,,
123,95,66.7,33.3,50,725,,,,3566,Cantilever,0,,,,,,,
124,95,66.7,33.3,55,9652,9761,9868,,9935,mini arch,1,No,N/A,,,No,9904 alternate acceleration frame,
125,95,66.7,33.3,55,8595,9499,9493,,9526,mini arch,1,No,N/A,,,No,,
126,95,66.7,33.3,55,21066,,,,24524,Cantilever,0,,,,,,,
127,95,66.7,33.3,60,2858,5475,5543,,5571,mini arch,1,No,N/A,,,No,,
128,95,66.7,33.3,60,12525,21350,21426,,21488,up then out,1,Yes,"before, during",,,No,,
129,95,66.7,33.3,60,20522,21027,21026,,21086,Parabolic,1,borderline,during,,,No,,
130,95,66.7,33.3,65,13056,24714,24815,24905,24907,"Parabolic, u/arch",1,Yes,"before, during",,,No,,
131,95,66.7,33.3,65,7901,20280,20367,,20394,Up then out,1,Yes,"during, after",,,No,,
132,95,66.7,33.3,65,15898,18112,18110,,18184,Up then out,1,No,N/A,,,No,,
133,95,66.7,33.3,70,14175,14288,14422,14500,14506,"U/arch, up then out",1,Yes,all,,,No,,
134,95,66.7,33.3,70,13162,13387,13554,13620,13647,"u/j, parabolic",1,yes,"before, during",,,No,,
135,95,66.7,33.3,70,36883,37020,37213,37283,37303,"u/j, parabolic",1,yes,"before, during",,,No,,
139,95,66.7,35.4,75,3525,3686,3889,3973,3978,"u loop, parabolic",1,yes,all,,,No,,
140,95,66.7,35.4,75,1428,8337,8560,8642,8645,"u, parabolic",1,yes,all,,,No,,
141,95,66.7,35.4,75,2608,4923,8373,8458,8464,"u, up then out",1,yes,all,,,No,,
142,95,66.7,35.4,80,20587,20587,20813,20895,20922,"u/j, parabolic",1,yes,all,,,No,,
143,95,66.7,35.4,80,1412,2350,2699,2780,2803,u/j parabolic,1,yes,all,,,No,,
144,95,66.7,35.4,80,2051,7062,7312,7389,7415,u/j parabolic,1,yes,all,,,No,,
145,95,66.7,33.1,85,1311,1370,1591,1678,1696,U/J Loop,1,yes,all,,,No,,
146,95,66.7,33.1,85,11277,11448,11781,11864,11877,U/J Loop,1,yes,all,,,No,,
147,95,66.7,33.1,85,15004,15318,15497,15571,15595,U/J Loop,1,yes,all,,,No,,
148,95,66.7,33.1,90,4454,4891,5244,5322,5350,U/J Loop,1,yes,all,,,No,,
149,95,66.7,33.1,95,13546,13707,14018,14097,14132,U/J Loop,1,yes,"before, during",,,No,,
151,95,66.7,33.1,100,24471,24781,25551,25647,25673,U/J Loop,1,yes,"before, during",,,No,,
157,94,85,120.7,55,1161,1555,1555,,1609,Up-then-out,1,No,N/A,,,No,,
158,94,85,120.7,,21689,23040,23281,,23350,U loop (parabolic?),1,Yes,all,,,No,,
159,94,85,120.7,60,68849,69470,69698,,69766,U/J loop (parabolic?),1,Yes,all,,,No,,
160,94,85,120.7,60,5166,18616,18943,,19011,U loop,1,Yes,all,,,No,,
161,94,85,120.7,60,2707,3557,3688,,3753,Up then out,1,Yes,"before, during",,,No,,
162,94,85,120.7,65,1123,11428,13582,,13645,U loop (parabolic?),1,all,,,,No,,
163,94,85,120.7,65,41190,41303,41637,,41724,U/J loop (parabolic?),1,all,,,,No,,
164,94,85,120.7,65,7444,8175,12843,,12910,U loop,1,all,,,,No,,
165,94,85,120.7,70,1699,1852,2376,,2461,u/j loop (parabolic?),1,"before, during",,,,No,,
166,94,85,120.7,70,52231,52470,52885,,52961,U/j loop (parabolic?),1,all,,,,No,,
167,94,85,120.7,70,27057,42404,42827,,42907,U/j (more up then out),1,all,,,,No,,
169,94,85,120.7,75,18346,18781,21496,,21575,U/j loop (parabolic?),1,all,,,,No,,
170,94,85,120.7,75,1286,5898,6551,,6631,U/j loop (parabolic?),1,all,,,,No,,
171,94,85,120.7,75,21058,22067,22354,,22435,"U, up then out",1,all,,,,No,,
172,94,85,120.7,80,44900,45523,45892,45984,45991,U/j (up then out),1,Yes,"before, during",,,No,,
174,94,85,120.7,85,36093,36374,36817,36909,36913,J (up then out),1,Yes,"before, during",,,No,,
175,94,85,120.7,90,53586,55207,55828,55900,55909,J (parabolic?),1,Yes,all,,,No,,
181,88,95.9,101.5,34,2075,,,,2155,Cantilever,0,,,,,,,
182,88,95.9,101.5,34,4604,,,,4695,Cantilever,0,,,,,,,
183,88,95.9,101.5,40,1094,1144,,,1204,Arched cantilever,1,No,N/A,Can't tell,N/A,No,,
184,88,95.9,101.5,40,8789,12192,12192,,12314,Swim lunge?,1,Yes,all?,Yes,all?,No,Snake basically went from still to pretty speedy but then moved smoothly through a wavy body position. Not like the typical slow-then-fast lunges ,
185,88,95.9,101.5,40,6019,,,,6125,Cantilever,0,,,,,,,
186,88,95.9,101.5,45,13720,14434,26360,,26388,Arch,1,Yes,before?,Yes,before?,Maybe?,"Sort of creates a loop but then pulls fully out of it before going close to target, then ploop. ",
187,88,95.9,101.5,45,1266,1454,1512,,1534,Arch,1,Yes,before,Maybe,before,No,,
188,88,95.9,101.5,45,29018,,,,29307,Cantilever,0,,,,,,,
190,88,95.9,101.5,50,2333,2495,2501,,2575,Arch,1,No,N/A,Maybe/small,"before, during",Maybe?,"Snake made one arch, lowered it and moved closer, then made another arch and smoothly accelerated through that to landing. ",
191,88,95.9,101.5,50,13654,13709,13816,,13872,Arch,1,,,,,No,,
192,88,95.9,101.5,55,28075,28301,28412,,28479,Arch,1,,,,,No,,
193,88,95.9,101.5,55,46754,47225,47302,,47345,Arch,1,,,,,No,,
194,88,95.9,101.5,55,22203,22330,22452,,22489,Arch,1,,,,,No,,
199,88,95.9,97.3,60,25439,25498,25681,,25773,Arch,1,,,,,No,acceleration frame might be 25731?,
200,88,95.9,97.3,60,6875,7116,7229,,7314,Arch,1,,,,,No,,
201,88,95.9,97.3,60,36193,36239,36330,,36378,Arch,1,,,,,No,acceleration frame difficult to determine,
202,88,95.9,97.3,65,10945,10995,11142,,11256,U/Arch,1,,,,,No,,
203,88,95.9,97.3,65,5288,5351,5696,5793,5797,U/J Loop,1,,,,,No,Last marker missing; airborne estimate may be off,
204,88,95.9,97.3,65,25693,25787,26044,26151,26157,U/J Loop,1,,,,,No,,
206,88,95.9,96.7,73,63373,63546,63847,63956,63961,U/J Loop,1,,,,,No,,
208,88,95.9,96.7,73,20843,20963,21446,21543,21553,U/J Loop,1,,,,,No,,
211,90,72.5,52.6,38,14145,14179,14289,,14320,Arch thing,1,,,,,No,"Makes loopy thing but then slows at peak before accelerating outwards, so a frame is near top of peak.",
212,90,72.5,52.6,38,1495,,,,1631,Cantilever,0,,,,,,,
213,90,72.5,52.6,38,1822,,,,2114,Cantilever,0,,,,,,,
214,90,72.5,52.6,44,1147,1175,,,1233,Arched cantilever,1,,,,,No,,
215,90,72.5,52.6,44,5535,,,,5711,Cantilever,0,,,,,,,
216,90,72.5,52.6,44,6035,7150,,,15749,Weird thing,1,,,,,Maybe,,
217,90,72.5,52.6,50,8490,8660,8684,,8714,Ploop,1,,,,,Maybe,,
219,90,72.5,52.6,50,27040,27802,35420,,35466,Mini arch,1,,,,,Maybe,,
220,90,72.5,52.6,56,2060,13658,13724,,13757,Mini arch,1,,,,,Maybe,,
221,90,72.5,52.6,56,1249,1346,1573,,1644,Mini arch,1,,,,,Maybe,,
222,90,72.5,52.6,56,6383,6423,6534,,6600,Mini arch,1,,,,,Maybe,,
223,90,72.5,52.6,60,1032,1078,1458,,1540,Up-then-out,1,,,,,Maybe,,
225,90,72.5,52.6,60,8252,16219,16319,,16391,Up-then-out,1,,,,,Maybe,,
233,90,72.5,55.2,50,550,4252,4237,,4286,Mini arch,1,,,,,No,,
235,90,72.5,55.2,60,3601,3826,4377,,4499,Up-then-out,1,,,,,No,,
238,85,72.5,53.3,35,1635,,,,1819,Cantilever,0,,,,,,,
239,85,72.5,53.3,35,2826,,,,3709,Cantilever,0,,,,,,,
240,85,72.5,53.3,35,1333,,,,7236,Cantilever,0,,,,,,,
241,85,72.5,53.3,40,2176,,,,13151,Cantilever,0,,,,,,,
242,85,72.5,53.3,40,6984,,,,7549,Cantilever,0,,,,,,,
243,85,72.5,53.3,40,2947,,,,5898,Cantilever,0,,,,,,,
244,85,72.5,53.3,45,8215,8411,,,8633,Arched cantilever,1,No,N/A,No,N/A,No,,
245,85,72.5,53.3,45,3073,,,,6717,Cantilever,0,,,,,,,
246,85,72.5,53.3,45,3440,,,,5038,Cantilever,0,,,,,,,
247,85,72.5,53.3,50,19875,20316,20330,,20348,Non-Cantilever,1,No,N/A,"Can't tell from video, but best guess is no.",N/A,No,,
248,85,72.5,53.3,50,37066,37177,37307,,37331,Non-Cantilever,1,No,N/A,Doesn't look like it but can't really tell,N/A,No,,
249,85,72.5,53.3,50,9761,10053,10065,,10084,Non-Cantilever,1,No,N/A,Yes (hard to be sure),Before (hard to tell),No,,
250,85,72.5,53.3,55,37371,37778,37841,,37912,Non-Cantilever,1,Yes (very small),during,Yes,"minimal during, slightly more after.",No,,
252,85,72.5,52,55,18908,19204,19219,,19255,Non-Cantilever,1,No,N/A,Can't tell,N/A,No,,
253,85,72.5,52,55,26173,26756,26781,,26816,Non-Cantilever,1,Maybe,during,Can't tell,N/A,No,,
254,85,72.5,52,60,17930,18932,18932,,18972,Non-Cantilever,1,No,N/A,No,N/A,No,,
255,85,72.5,52,60,16162,16319,16346,,16433,Sliding Arch,1,Yes,during,Yes (I think),During,No,,
256,85,72.5,52,60,8786,10986,11117,,11137,Non-Cantilever,1,Very small,during,Yes (I think),After,No,,
257,85,72.5,52,65,3480,4552,4710,4741,4750,Non-Cantilever,1,Yes,during,Yes,During,No,Last marker missing; airborne estimate may be off,
258,85,72.5,52,65,1183,1484,1718,1762,1768,Non-Cantilever,1,Yes,"before, during",Yes,"before, during",No,,
259,85,72.5,52,65,32973,33107,33199,33244,33253,Non-Cantilever,1,Yes,"before, during",Yes,"before, during",No,Last marker missing; airborne estimate may be off,
261,85,72.5,52,70,9547,10231,10366,10414,10425,Non-Cantilever,1,Yes,all,Yes,all,No,Video shows period of airborne except for tail,
262,85,72.5,52,70,22449,22540,22720,22762,22776,Non-Cantilever,1,Yes,all,Yes,all,No,"Video shows clear, fully airborn period",
264,85,72.5,51.4,70,33592,33973,34297,34354,34370,Non-Cantilever,1,Yes,all,Yes,all,No,Head marker and marker 1 pass through a failry straight line but the rest of the markers pass through an arc.,
265,85,72.5,51.4,75,16049,19849,20424,20494,20497,Non-Cantilever,1,Yes,"before, during",Yes,"before, during",No,,
266,85,72.5,51.4,75,51656,52484,52758,52832,52844,Non-Cantilever,1,Yes,"before, during",Yes,"before, during",No,,
267,85,72.5,51.4,75,18965,19345,19806,19868,19873,Non-Cantilever,1,Yes,"before, during",Minimal,But it was crossed sideways over the branch end so still using lateral bend thing -- weird!,No,,
268,85,72.5,51.4,80,15676,16476,16780,16848,16863,Non-Cantilever,1,Yes,"before, during",Yes,"before, during",No,,
269,85,72.5,51.4,80,16658,18072,18533,18598,18615,Non-Cantilever,1,Yes,all,Yes,all,No,,
270,85,72.5,51.4,80,20081,23207,23614,23686,23700,Non-Cantilever,1,Yes,all,Yes,all,No,Last marker missing; airborne estimate may be off,
271,85,72.5,51.4,85,21948,22658,22946,23020,23039,Non-Cantilever,1,Yes,all,Yes,all,No,Last marker missing; airborne estimate may be off,
272,85,72.5,51.4,85,5501,5690,6220,6291,6305,Non-Cantilever,1,Yes,"before, during",Yes,"before, during",No,,
274,85,72.5,52,85,6741,7119,7327,7394,7417,Non-Cantilever,1,Yes,"before, during",Yes,"before, during",No,,
275,85,72.5,52,90,24257,,24292,24362,24393,Non-Cantilever,1,Yes,all,Yes,all,No,,
276,85,72.5,52,95,18964,,19076,19139,19156,Non-Cantilever,1,Yes,all,Yes,all,No,,
277,85,72.5,52,100,13846,,14039,14112,14141,Non-Cantilever,1,Yes,all,Yes,all,No,,
281,85,72.5,52,105,66800,,67025,67090,67121,Non-Cantilever,1,Yes,all,Yes,all,No,Snake does something bizarre with head at landing,
282,85,72.5,52,110,31897,,31978,32051,32087,Non-Cantilever,1,Yes,all,Yes,all,No,Last marker missing; airborne estimate may be off,
283,85,72.5,52,115,23277,,23668,23741,23774,Non-Cantilever,1,Yes,all,Yes,all,No,,
289,85,72.5,51.4,120,67201,,67251,67319,67352,Non-Cantilever,1,Yes,all,Yes,all,No,,
